{"cameraMode":{"drawMode":0,"name":"Shaded","section":"Shading Mode"},"sceneLighting":true,"audioPlay":false,"sceneViewState":{"showFog":true,"showMaterialUpdate":false,"showSkybox":true,"showFlares":true,"showImageEffects":true,"showParticleSystems":true},"in2DMode":false,"pivot":{"x":277.08599853515627,"y":1.2950000762939454,"z":28.69300079345703},"rotation":{"x":-0.12247386574745178,"y":-0.7372430562973023,"z":0.1389675885438919,"w":-0.6497390866279602},"size":4.771435260772705,"orthographic":false}